{
  "formatVersion": 1,
  "database": {
    "version": 1,
    "identityHash": "48cefea68c51daa22907cce5030f3487",
    "entities": [
      {
        "tableName": "Contact",
        "createSql": "CREATE TABLE IF NOT EXISTS `${TABLE_NAME}` (`phone` INTEGER NOT NULL, `name` TEXT NOT NULL, PRIMARY KEY(`phone`))",
        "fields": [
          {
            "fieldPath": "phone",
            "columnName": "phone",
            "affinity": "INTEGER",
            "notNull": true
          },
          {
            "fieldPath": "name",
            "columnName": "name",
            "affinity": "TEXT",
            "notNull": true
          }
        ],
        "primaryKey": {
          "columnNames": [
            "phone"
          ],
          "autoGenerate": false
        },
        "indices": [],
        "foreignKeys": []
      }
    ],
    "views": [],
    "setupQueries": [
      "CREATE TABLE IF NOT EXISTS room_master_table (id INTEGER PRIMARY KEY,identity_hash TEXT)",
      "INSERT OR REPLACE INTO room_master_table (id,identity_hash) VALUES(42, '48cefea68c51daa22907cce5030f3487')"
    ]
  }
}